test_file,model,embeddings,best_epoch,precision,recall,f1
MEDLINEtest_layer1_ID.conll,lstm,random,46,0.2424,0.1488,0.1844
MEDLINEtest_layer1_ID.conll,lstm,w2v_cbow_med,31,0.2491,0.1997,0.2217
MEDLINEtest_layer1_ID.conll,lstm,w2v_skipgram_med,33,0.3001,0.2267,0.2583
MEDLINEtest_layer1_ID.conll,lstm,ft_cbow_med,38,0.2769,0.2467,0.2609
MEDLINEtest_layer1_ID.conll,lstm,w2v_cbow_press,20,0.2907,0.2433,0.2649
MEDLINEtest_layer1_ID.conll,lstm,w2v_skipgram_press,37,0.3004,0.2689,0.2838
MEDLINEtest_layer1_ID.conll,lstm,ft_cbow_press,24,0.3030,0.2724,0.2869
MEDLINEtest_layer1_ID.conll,cnn,random,149,0.2647,0.1784,0.2132
MEDLINEtest_layer1_ID.conll,cnn,w2v_cbow_med,138,0.2726,0.1823,0.2185
MEDLINEtest_layer1_ID.conll,cnn,w2v_skipgram_med,93,0.2877,0.2341,0.2582
MEDLINEtest_layer1_ID.conll,cnn,ft_cbow_med,121,0.2834,0.1771,0.2180
MEDLINEtest_layer1_ID.conll,cnn,w2v_cbow_press,150,0.2634,0.2185,0.2388
MEDLINEtest_layer1_ID.conll,cnn,w2v_skipgram_press,58,0.3102,0.2698,0.2886
MEDLINEtest_layer1_ID.conll,cnn,ft_cbow_press,80,0.2628,0.2054,0.2306
MEDLINEtest_layer1_ID.conll,almanach/camembert-bio-base,bert,15,0.4595,0.5357,0.4947
fra4_ID.test,lstm,random,24,0.4884,0.3043,0.3750
fra4_ID.test,lstm,w2v_cbow_med,26,0.3720,0.2625,0.3078
fra4_ID.test,lstm,w2v_skipgram_med,23,0.4030,0.2769,0.3283
fra4_ID.test,lstm,ft_cbow_med,22,0.3842,0.2382,0.2941
fra4_ID.test,lstm,w2v_cbow_press,8,0.6508,0.4951,0.5623
fra4_ID.test,lstm,w2v_skipgram_press,11,0.6221,0.4996,0.5541
fra4_ID.test,lstm,ft_cbow_press,20,0.4315,0.5064,0.4659
fra4_ID.test,cnn,random,73,0.5839,0.2359,0.3361
fra4_ID.test,cnn,w2v_cbow_med,77,0.4423,0.2057,0.2808
fra4_ID.test,cnn,w2v_skipgram_med,75,0.4334,0.2252,0.2964
fra4_ID.test,cnn,ft_cbow_med,80,0.4253,0.1921,0.2647
fra4_ID.test,cnn,w2v_cbow_press,69,0.6117,0.4247,0.5013
fra4_ID.test,cnn,w2v_skipgram_press,60,0.6024,0.4182,0.4937
fra4_ID.test,cnn,ft_cbow_press,77,0.5264,0.4360,0.4770
fra4_ID.test,camembert-base,bert,5,0.8361,0.7965,0.8158
